{
    "$schema": "https://schema.management.azure.com/schemas/2015-01-01/deploymentParameters.json#",
    "contentVersion": "1.0.0.0",
    "parameters": {
        "connections_CONVPN01_name": {
            "value": null
        },
        "virtualNetworks_RVVPN01_name": {
            "value": null
        },
        "virtualMachines_SERVVPN01_name": {
            "value": null
        },
        "publicIPAddresses_IPVPN01_name": {
            "value": null
        },
        "localNetworkGateways_LGWVPN01_name": {
            "value": null
        },
        "networkInterfaces_servvpn01638_name": {
            "value": null
        },
        "publicIPAddresses_IPVPN01_TEST_name": {
            "value": null
        },
        "virtualNetworkGateways_GWVPN01_name": {
            "value": null
        },
        "networkSecurityGroups_SERVVPN01_nsg_name": {
            "value": null
        }
    }
}